{"models": [{"id": 1, "name": "roberta-large-bne-capitel-ner", "folder": "PlanTL-GOB-ES/"}, {"id": 2, "name": "roberta-base-bne-capitel-ner-plus", "folder": "PlanTL-GOB-ES/"}, {"id": 3, "name": "roberta-base-bne-capitel-ner", "folder": "PlanTL-GOB-ES/"}, {"id": 4, "name": "bsc-bio-ehr-es-pharmaconer", "folder": "PlanTL-GOB-ES/"}, {"id": 5, "name": "roberta-base-bne-capitel-pos", "folder": "PlanTL-GOB-ES/"}, {"id": 6, "name": "bert-base-multilingual-cased-ner-hrl", "folder": "Davlan/"}, {"id": 7, "name": "xlm-roberta-base-wikiann-ner", "folder": "Davlan/"}, {"id": 8, "name": "xlm-roberta-base-ner-hrl", "folder": "Davlan/"}, {"id": 9, "name": "distilbert-base-multilingual-cased-ner-hrl", "folder": "Davlan/"}, {"id": 10, "name": "xlm-roberta-large-ner-hrl", "folder": "Davlan/"}, {"id": 11, "name": "bert-spanish-cased-finetuned-ner", "folder": "mrm8488/"}, {"id": 12, "name": "TinyBERT-spanish-uncased-finetuned-ner", "folder": "mrm8488/"}, {"id": 13, "name": "RuPERTa-base-finetuned-ner", "folder": "mrm8488/"}, {"id": 14, "name": "ner-spanish-large", "folder": "flair/"}, {"id": 15, "name": "ner-multi", "folder": "flair/"}, {"id": 16, "name": "anglicisms-spanish-mbert", "folder": "lirondos/"}, {"id": 17, "name": "anglicisms-spanish-flair-cs", "folder": "lirondos/"}, {"id": 18, "name": "xlm-roberta-large-ner-spanish", "folder": "MMG/"}, {"id": 19, "name": "wikineural-multilingual-ner", "folder": "Babelscape/"}, {"id": 20, "name": "distilbert-base-multilingual-cased-finetuned-conll2003-ner", "folder": "gunghio/"}, {"id": 21, "name": "bertin-base-ner-conll2002-es", "folder": "bertin-project/"}, {"id": 22, "name": "xlm-roberta-base-finetuned-panx-ner", "folder": "gunghio/"}, {"id": 23, "name": "stanza-es \u00b7 Hugging Face", "folder": "stanfordnlp/"}]}