{"models": [{"id":1,"name":"roberta-large-NER", "folder":"51la5/"},
    {"id":2,"name":"bert-base-multilingual-cased-ner-spanish", "folder":"alvarobartt/"},
    {"id":3,"name":"anonymizer-beto-cased-flair", "folder":"aymurai/"},
    {"id":4,"name":"flair-ner-spanish-judicial", "folder":"aymurai/"},
    {"id":5,"name":"wikineural-multilingual-ner", "folder":"Babelscape/"},
    {"id":6,"name":"bertin-base-ner-conll2002-es", "folder":"bertin-project/"},
    {"id":7,"name":"roberta_model_for_anonimization", "folder":"BSC-LT/"},
    {"id":8,"name":"roberta-base-bne-capitel-ner-plus", "folder":"BSC-LT/"},
    {"id":9,"name":"NER-MEDDOCAN", "folder":"Dnidof/"},
    {"id":10,"name":"bert-base-multilingual-cased-fine_tuned-ner-WikiNeural_Multilingual", "folder":"DunnBC22/"},
    {"id":11,"name":"xlm-roberta-large-finetuned-conll03-english", "folder":"FacebookAI/"},
    {"id":12,"name":"xlm-roberta-large-finetuned-conll03-german", "folder":"FacebookAI/"},
    {"id":13,"name":"ner-multi", "folder":"flair/"},
    {"id":14,"name":"ner-multi-fast", "folder":"flair/"},
    {"id":15,"name":"ner-spanish-large", "folder":"flair/"},
    {"id":16,"name":"AuthorParserModel", "folder":"GEOcite/"},
    {"id":17,"name":"distilbert-base-multilingual-cased-finetuned-conll2003-ner", "folder":"gunghio/"},
    {"id":18,"name":"xlm-roberta-base-finetuned-panx-ner", "folder":"gunghio/"},
    {"id":19,"name":"BETO-finetuned-ner-3", "folder":"ifis/"},
    {"id":20,"name":"span-marker-bert-base-multilingual-cased-multinerd", "folder":"lxyuan/"},
    {"id":21,"name":"span-marker-bert-base-multilingual-uncased-multinerd", "folder":"lxyuan/"},
    {"id":22,"name":"xlm-roberta-large-ner-spanish", "folder":"MMG/"},
    {"id":23,"name":"bert-spanish-cased-finetuned-ner", "folder":"mrm8488/"},
    {"id":24,"name":"RuPERTa-base-finetuned-ner", "folder":"mrm8488/"},
    {"id":25,"name":"TinyBERT-spanish-uncased-finetuned-ner", "folder":"mrm8488/"},
    {"id":26,"name":"NER-fine-tuned-BETO", "folder":"NazaGara/"},
    {"id":27,"name":"flair-ner-multi", "folder":"Omnifact/"},
    {"id":28,"name":"ca_anonimization_core_lg", "folder":"PlanTL-GOB-ES/"},
    {"id":29,"name":"es_anonimization_core_lg", "folder":"PlanTL-GOB-ES/"},
    {"id":30,"name":"roberta-base-bne-capitel-ner", "folder":"PlanTL-GOB-ES/"},
    {"id":31,"name":"roberta-base-bne-capitel-ner-plus", "folder":"PlanTL-GOB-ES/"},
    {"id":32,"name":"roberta-large-bne-capitel-ner", "folder":"PlanTL-GOB-ES/"},
    {"id":33,"name":"DEBERTA_CIEL", "folder":"projecte-aina/"},
    {"id":34,"name":"codeswitch-spaeng-ner-lince", "folder":"sagorsarker/"},
    {"id":35,"name":"span-marker-bert-base-conll2002-es", "folder":"sepulm01/"},
    {"id":36,"name":"es_core_news_lg", "folder":"spacy/"},
    {"id":37,"name":"es_core_news_md", "folder":"spacy/"},
    {"id":38,"name":"es_core_news_sm", "folder":"spacy/"},
    {"id":39,"name":"stanza-es", "folder":"stanfordnlp/"},
    {"id":40,"name":"gliner_multi_pii-v1", "folder":"urchade/"}]}